metric,Vanilla MLP,Causal MLP
F1,0.8456375838926175,0.868421052631579
ROC AUC,0.86907190209077,0.8893421723610403
